﻿<?xml version="1.0"?>
<doc>
<assembly>
<name>
WindowsApplication2
</name>
</assembly>
<members>
<member name="T:WindowsApplication2.My.Resources.Resources">
<summary>
  A strongly-typed resource class, for looking up localized strings, etc.
</summary>
</member>
<member name="P:WindowsApplication2.My.Resources.Resources.ResourceManager">
<summary>
  Returns the cached ResourceManager instance used by this class.
</summary>
</member>
<member name="P:WindowsApplication2.My.Resources.Resources.Culture">
<summary>
  Overrides the current thread's CurrentUICulture property for all
  resource lookups using this strongly typed resource class.
</summary>
</member>
<member name="P:WindowsApplication2.My.Resources.Resources.blue_and_red">
<summary>
  Looks up a localized resource of type System.Drawing.Bitmap.
</summary>
</member>
<member name="P:WindowsApplication2.My.Resources.Resources.Photo_Background_Application4">
<summary>
  Looks up a localized resource of type System.Drawing.Bitmap.
</summary>
</member>
</members>
</doc>
